node,split,p1,p0,feature_path
root,odor_a,0.48871563397620027,0.5112843660237998,None
1,None,0.0,1.0,['odor_a']
0,gill-color_n,0.5143597495141438,0.4856402504858562,['odor_a']
1-1,None,0.0,1.0,"['odor_a', 'odor_a']"
1-0,None,0.0,0.0,"['odor_a', 'odor_a']"
0-1,None,0.10964083175803403,0.8903591682419659,"['odor_a', 'gill-color_n']"
0-0,None,0.5665529010238908,0.4334470989761092,"['odor_a', 'gill-color_n']"
