node,split,p1,p0,feature_path
root,cap-color_p,0.48871563397620027,0.5112843660237998,None
1,gill-color_p,0.6190476190476191,0.38095238095238093,['cap-color_p']
0,cap-color_c,0.48643006263048016,0.5135699373695198,['cap-color_p']
1-1,None,1.0,0.0,"['cap-color_p', 'gill-color_p']"
1-0,None,0.5492957746478874,0.4507042253521127,"['cap-color_p', 'gill-color_p']"
0-1,None,0.21212121212121213,0.7878787878787878,"['cap-color_p', 'cap-color_c']"
0-0,None,0.48833298297246164,0.5116670170275384,"['cap-color_p', 'cap-color_c']"
