node,split,p1,p0,feature_path
root,gill-color_y,0.48871563397620027,0.5112843660237998,None
1,gill-color_u,0.24489795918367346,0.7551020408163265,['gill-color_y']
0,cap-shape_b,0.49119170984455957,0.5088082901554404,['gill-color_y']
1-1,None,0.0,0.0,"['gill-color_y', 'gill-color_u']"
1-0,None,0.24489795918367346,0.7551020408163265,"['gill-color_y', 'gill-color_u']"
0-1,None,0.11787072243346007,0.8821292775665399,"['gill-color_y', 'cap-shape_b']"
0-0,None,0.5127137220517317,0.4872862779482683,"['gill-color_y', 'cap-shape_b']"
