node,split,p1,p0,feature_path
root,population_v,0.48871563397620027,0.5112843660237998,None
1,veil-color_w,0.7184787102108309,0.28152128978916907,['population_v']
0,spore-print-color_n,0.26232179226069247,0.7376782077393076,['population_v']
1-1,None,0.7364406779661017,0.2635593220338983,"['population_v', 'veil-color_w']"
1-0,None,0.0,1.0,"['population_v', 'veil-color_w']"
0-1,None,0.11028500619578686,0.8897149938042132,"['population_v', 'spore-print-color_n']"
0-0,None,0.33677184466019416,0.6632281553398058,"['population_v', 'spore-print-color_n']"
