node,split,p1,p0,feature_path
root,habitat_m,0.48871563397620027,0.5112843660237998,None
1,ring-type_e,0.15060240963855423,0.8493975903614458,['habitat_m']
0,odor_m,0.5006372132540357,0.4993627867459643,['habitat_m']
1-1,None,0.0,0.0,"['habitat_m', 'ring-type_e']"
1-0,None,0.15060240963855423,0.8493975903614458,"['habitat_m', 'ring-type_e']"
0-1,None,1.0,0.0,"['habitat_m', 'odor_m']"
0-0,None,0.49818569903948773,0.5018143009605123,"['habitat_m', 'odor_m']"
