node,split,p1,p0,feature_path
root,cap-surface_y,0.48871563397620027,0.5112843660237998,None
1,gill-size_n,0.5397639815289892,0.46023601847101075,['cap-surface_y']
0,stalk-root_b,0.4547008547008547,0.5452991452991452,['cap-surface_y']
1-1,None,0.9286775631500743,0.0713224368499257,"['cap-surface_y', 'gill-size_n']"
1-0,None,0.3346394984326019,0.6653605015673981,"['cap-surface_y', 'gill-size_n']"
0-1,None,0.5511182108626198,0.4488817891373802,"['cap-surface_y', 'stalk-root_b']"
0-0,None,0.38254632396891813,0.6174536760310819,"['cap-surface_y', 'stalk-root_b']"
