n,train,validation
1,0.7568732047599508,0.7661538461538462
2,0.5730406237176857,0.5661538461538462
5,0.678498153467378,0.676923076923077
10,0.7599507591300779,0.7710769230769231
25,0.8941321296676241,0.9187692307692308
