n,train,validation
1,0.6883463274517849,0.6806153846153846
2,0.6764464505539598,0.6744615384615384
5,0.7734919983586377,0.776
10,0.8633565859663521,0.8713846153846154
25,0.901928600738613,0.9101538461538462
