node,split,p1,p0,feature_path
root,odor_n,0.48871563397620027,0.5112843660237998,None
1,gill-color_o,0.039886039886039885,0.9601139601139601,['odor_n']
0,stalk-shape_e,0.8302023121387283,0.16979768786127167,['odor_n']
1-1,None,0.0,1.0,"['odor_n', 'gill-color_o']"
1-0,None,0.040737148399612025,0.9592628516003879,"['odor_n', 'gill-color_o']"
0-1,None,0.7201897018970189,0.279810298102981,"['odor_n', 'stalk-shape_e']"
0-0,None,0.9558823529411765,0.04411764705882353,"['odor_n', 'stalk-shape_e']"
