node,split,p1,p0,feature_path
root,stalk-root_?,0.48871563397620027,0.5112843660237998,None
1,odor_s,0.7091737150292778,0.29082628497072216,['stalk-root_?']
0,gill-color_n,0.38717410848067124,0.6128258915193288,['stalk-root_?']
1-1,None,1.0,0.0,"['stalk-root_?', 'odor_s']"
1-0,None,0.6311881188118812,0.3688118811881188,"['stalk-root_?', 'odor_s']"
0-1,None,0.10051993067590988,0.8994800693240901,"['stalk-root_?', 'gill-color_n']"
0-0,None,0.44710144927536233,0.5528985507246377,"['stalk-root_?', 'gill-color_n']"
