node,split,p1,p0,feature_path
root,ring-number_o,0.48871563397620027,0.5112843660237998,None
1,gill-attachment_a,0.518510208660534,0.481489791339466,['ring-number_o']
0,population_v,0.17026378896882494,0.829736211031175,['ring-number_o']
1-1,None,0.0,1.0,"['ring-number_o', 'gill-attachment_a']"
1-0,None,0.5313865256380778,0.4686134743619223,"['ring-number_o', 'gill-attachment_a']"
0-1,None,0.7741935483870968,0.22580645161290322,"['ring-number_o', 'population_v']"
0-0,None,0.0647887323943662,0.9352112676056338,"['ring-number_o', 'population_v']"
