node,split,p1,p0,feature_path
root,odor_c,0.48871563397620027,0.5112843660237998,None
1,None,1.0,0.0,['odor_c']
0,cap-shape_k,0.47658055030455787,0.5234194496954422,['odor_c']
1-1,None,0.0,0.0,"['odor_c', 'gill-color_b']"
1-0,None,1.0,0.0,"['odor_c', 'gill-color_b']"
0-1,None,0.6925795053003534,0.30742049469964666,"['odor_c', 'cap-shape_k']"
0-0,None,0.4474374255065554,0.5525625744934446,"['odor_c', 'cap-shape_k']"
