node,split,p1,p0,feature_path
root,ring-number_t,0.48871563397620027,0.5112843660237998,None
1,stalk-shape_e,0.1218274111675127,0.8781725888324873,['ring-number_t']
0,bruises_t,0.5209821428571428,0.47901785714285716,['ring-number_t']
1-1,None,0.1218274111675127,0.8781725888324873,"['ring-number_t', 'stalk-shape_e']"
1-0,None,0.0,0.0,"['ring-number_t', 'stalk-shape_e']"
0-1,None,0.19524336283185842,0.8047566371681416,"['ring-number_t', 'bruises_t']"
0-0,None,0.7413922155688623,0.25860778443113774,"['ring-number_t', 'bruises_t']"
