node,split,p1,p0,feature_path
root,bruises_t,0.48871563397620027,0.5112843660237998,None
1,odor_n,0.20039980009995004,0.7996001999000499,['bruises_t']
0,veil-color_n,0.6895231465367212,0.3104768534632788,['bruises_t']
1-1,None,0.04802021903959562,0.9519797809604044,"['bruises_t', 'odor_n']"
1-0,None,0.4226044226044226,0.5773955773955773,"['bruises_t', 'odor_n']"
0-1,None,0.0,1.0,"['bruises_t', 'veil-color_n']"
0-0,None,0.7027314650585313,0.2972685349414686,"['bruises_t', 'veil-color_n']"
