node,split,p1,p0,feature_path
root,stalk-shape_e,0.48871563397620027,0.5112843660237998,None
1,spore-print-color_h,0.5369850187265918,0.46301498127340823,['stalk-shape_e']
0,cap-shape_b,0.4510591672753835,0.5489408327246165,['stalk-shape_e']
1-1,None,0.960559796437659,0.039440203562340966,"['stalk-shape_e', 'spore-print-color_h']"
1-0,None,0.2903703703703704,0.7096296296296296,"['stalk-shape_e', 'spore-print-color_h']"
0-1,None,0.0,0.0,"['stalk-shape_e', 'cap-shape_b']"
0-0,None,0.4510591672753835,0.5489408327246165,"['stalk-shape_e', 'cap-shape_b']"
