node,split,p1,p0,feature_path
root,bruises_f,0.48871563397620027,0.5112843660237998,None
1,habitat_l,0.6895231465367212,0.3104768534632788,['bruises_f']
0,cap-shape_b,0.20039980009995004,0.7996001999000499,['bruises_f']
1-1,None,0.7161016949152542,0.2838983050847458,"['bruises_f', 'habitat_l']"
1-0,None,0.6842982090795502,0.3157017909204498,"['bruises_f', 'habitat_l']"
0-1,None,0.15508021390374332,0.8449197860962567,"['bruises_f', 'cap-shape_b']"
0-0,None,0.20507166482910694,0.794928335170893,"['bruises_f', 'cap-shape_b']"
