node,split,p1,p0,feature_path
root,habitat_m,0.48871563397620027,0.5112843660237998,None
1,odor_m,0.15060240963855423,0.8493975903614458,['habitat_m']
0,gill-color_y,0.5006372132540357,0.4993627867459643,['habitat_m']
1-1,None,0.0,0.0,"['habitat_m', 'odor_m']"
1-0,None,0.15060240963855423,0.8493975903614458,"['habitat_m', 'odor_m']"
0-1,None,0.24489795918367346,0.7551020408163265,"['habitat_m', 'gill-color_y']"
0-0,None,0.5033268941833011,0.4966731058166989,"['habitat_m', 'gill-color_y']"
