node,split,p1,p0,feature_path
root,population_v,0.48871563397620027,0.5112843660237998,None
1,odor_n,0.7184787102108309,0.28152128978916907,['population_v']
0,veil-color_n,0.26232179226069247,0.7376782077393076,['population_v']
1-1,None,0.1072961373390558,0.8927038626609443,"['population_v', 'odor_n']"
1-0,None,0.9668604651162791,0.03313953488372093,"['population_v', 'odor_n']"
0-1,None,0.0,1.0,"['population_v', 'veil-color_n']"
0-0,None,0.26512968299711814,0.7348703170028819,"['population_v', 'veil-color_n']"
