node,split,p1,p0,feature_path
root,odor_f,0.48871563397620027,0.5112843660237998,None
1,None,1.0,0.0,['odor_f']
0,habitat_m,0.3039106145251397,0.6960893854748603,['odor_f']
1-1,None,1.0,0.0,"['odor_f', 'stalk-root_b']"
1-0,None,1.0,0.0,"['odor_f', 'stalk-root_b']"
0-1,None,0.15060240963855423,0.8493975903614458,"['odor_f', 'habitat_m']"
0-0,None,0.3113649677797305,0.6886350322202694,"['odor_f', 'habitat_m']"
