node,split,p1,p0,feature_path
root,odor_y,0.48871563397620027,0.5112843660237998,None
1,None,1.0,0.0,['odor_y']
0,cap-shape_b,0.4465911614479236,0.5534088385520763,['odor_y']
1-1,None,1.0,0.0,"['odor_y', 'habitat_p']"
1-0,None,1.0,0.0,"['odor_y', 'habitat_p']"
0-1,None,0.11397058823529412,0.8860294117647058,"['odor_y', 'cap-shape_b']"
0-0,None,0.4679744741195935,0.5320255258804065,"['odor_y', 'cap-shape_b']"
