node,split,p1,p0,feature_path
root,gill-color_g,0.48871563397620027,0.5112843660237998,None
1,bruises_t,0.650990099009901,0.349009900990099,['gill-color_g']
0,odor_c,0.4740492170022371,0.5259507829977629,['gill-color_g']
1-1,None,0.24691358024691357,0.7530864197530864,"['gill-color_g', 'bruises_t']"
1-0,None,0.7523219814241486,0.2476780185758514,"['gill-color_g', 'bruises_t']"
0-1,None,1.0,0.0,"['gill-color_g', 'odor_c']"
0-0,None,0.46275137111517367,0.5372486288848263,"['gill-color_g', 'odor_c']"
