node,split,p1,p0,feature_path
root,gill-size_n,0.48871563397620027,0.5112843660237998,None
1,cap-color_c,0.8854766474728087,0.1145233525271913,['gill-size_n']
0,population_a,0.3014195107218363,0.6985804892781637,['gill-size_n']
1-1,None,0.0,1.0,"['gill-size_n', 'cap-color_c']"
1-0,None,0.8969539857420609,0.10304601425793908,"['gill-size_n', 'cap-color_c']"
0-1,None,0.0,1.0,"['gill-size_n', 'population_a']"
0-0,None,0.32444733420026006,0.6755526657997399,"['gill-size_n', 'population_a']"
