node,split,p1,p0,feature_path
root,odor_f,0.4833812064013131,0.5166187935986869,None
1,None,1.0,0.0,['odor_f']
0,gill-size_b,0.29997219905476785,0.7000278009452321,['odor_f']
1-1,None,1.0,0.0,"['odor_f', 'cap-shape_x']"
1-0,None,1.0,0.0,"['odor_f', 'cap-shape_x']"
0-1,None,0.029170090386195564,0.9708299096138044,"['odor_f', 'gill-size_b']"
0-0,None,0.8667239896818573,0.13327601031814273,"['odor_f', 'gill-size_b']"
