node,split,p1,p0,feature_path
root,odor_f,0.4807139926138695,0.5192860073861305,None
1,None,1.0,0.0,['odor_f']
0,gill-size_b,0.2955747286390203,0.7044252713609797,['odor_f']
1-1,None,0.0,0.0,"['odor_f', 'odor_n']"
1-0,None,1.0,0.0,"['odor_f', 'odor_n']"
0-1,None,0.02570480928689884,0.9742951907131011,"['odor_f', 'gill-size_b']"
0-0,None,0.8467400508044031,0.15325994919559696,"['odor_f', 'gill-size_b']"
