node,split,p1,p0,feature_path
root,odor_f,0.48379154698399673,0.5162084530160033,None
1,None,1.0,0.0,['odor_f']
0,odor_n,0.3011111111111111,0.6988888888888889,['odor_f']
1-1,None,0.0,0.0,"['odor_f', 'cap-shape_c']"
1-0,None,1.0,0.0,"['odor_f', 'cap-shape_c']"
0-1,None,0.04046511627906977,0.9595348837209302,"['odor_f', 'odor_n']"
0-0,None,0.6875862068965517,0.3124137931034483,"['odor_f', 'odor_n']"
