node,split,p1,p0,feature_path
root,odor_n,0.4821501846532622,0.5178498153467378,None
1,spore-print-color_r,0.04007455731593663,0.9599254426840633,['odor_n']
0,stalk-root_c,0.8299120234604106,0.17008797653958943,['odor_n']
1-1,None,1.0,0.0,"['odor_n', 'spore-print-color_r']"
1-0,None,0.015296367112810707,0.9847036328871893,"['odor_n', 'spore-print-color_r']"
0-1,None,0.05757575757575758,0.9424242424242424,"['odor_n', 'stalk-root_c']"
0-0,None,0.9361968306922436,0.06380316930775647,"['odor_n', 'stalk-root_c']"
