node,split,p1,p0,feature_path
root,odor_n,0.47230201066885513,0.5276979893311449,None
1,spore-print-color_r,0.04086317722681359,0.9591368227731865,['odor_n']
0,bruises_t,0.8208456973293768,0.17915430267062316,['odor_n']
1-1,None,1.0,0.0,"['odor_n', 'spore-print-color_r']"
1-0,None,0.018788163457022077,0.9812118365429779,"['odor_n', 'spore-print-color_r']"
0-1,None,0.4152542372881356,0.5847457627118644,"['odor_n', 'bruises_t']"
0-0,None,1.0,0.0,"['odor_n', 'bruises_t']"
