node,split,p1,p0,feature_path
root,odor_n,0.47517439474764056,0.5248256052523594,None
1,habitat_m,0.03643911439114391,0.9635608856088561,['odor_n']
0,odor_a,0.8266814486326681,0.17331855136733185,['odor_n']
1-1,None,1.0,0.0,"['odor_n', 'habitat_m']"
1-0,None,0.022918615528531337,0.9770813844714686,"['odor_n', 'habitat_m']"
0-1,None,0.0,1.0,"['odor_n', 'odor_a']"
0-0,None,0.911944557684468,0.088055442315532,"['odor_n', 'odor_a']"
