node,split,p1,p0,feature_path
root,odor_n,0.47476405416495693,0.5252359458350431,None
1,gill-color_r,0.042273367778299674,0.9577266322217003,['odor_n']
0,bruises_t,0.810200364298725,0.18979963570127503,['odor_n']
1-1,None,1.0,0.0,"['odor_n', 'gill-color_r']"
1-0,None,0.03410705826622454,0.9658929417337755,"['odor_n', 'gill-color_r']"
0-1,None,0.37604790419161677,0.6239520958083832,"['odor_n', 'bruises_t']"
0-0,None,1.0,0.0,"['odor_n', 'bruises_t']"
