node,split,p1,p0,feature_path
root,odor_n,0.4850225687320476,0.5149774312679524,None
1,stalk-shape_e,0.03364928909952607,0.966350710900474,['odor_n']
0,bruises_t,0.8295947901591896,0.17040520984081042,['odor_n']
1-1,None,0.1126984126984127,0.8873015873015873,"['odor_n', 'stalk-shape_e']"
1-0,None,0.0,1.0,"['odor_n', 'stalk-shape_e']"
0-1,None,0.4213759213759214,0.5786240786240786,"['odor_n', 'bruises_t']"
0-0,None,1.0,0.0,"['odor_n', 'bruises_t']"
