node,split,p1,p0,feature_path
root,odor_n,0.4811243331965531,0.5188756668034469,None
1,cap-color_y,0.04001861330851559,0.9599813866914844,['odor_n']
0,bruises_f,0.8289908256880734,0.1710091743119266,['odor_n']
1-1,None,1.0,0.0,"['odor_n', 'cap-color_y']"
1-0,None,0.03372365339578454,0.9662763466042155,"['odor_n', 'cap-color_y']"
0-1,None,1.0,0.0,"['odor_n', 'bruises_f']"
0-0,None,0.4175,0.5825,"['odor_n', 'bruises_f']"
