node,split,p1,p0,feature_path
root,odor_n,0.49384489125974557,0.5061551087402544,None
1,habitat_m,0.03886756238003839,0.9611324376199616,['odor_n']
0,bruises_t,0.8336917562724014,0.16630824372759856,['odor_n']
1-1,None,1.0,0.0,"['odor_n', 'habitat_m']"
1-0,None,0.025778210116731516,0.9742217898832685,"['odor_n', 'habitat_m']"
0-1,None,0.42144638403990026,0.5785536159600998,"['odor_n', 'bruises_t']"
0-0,None,1.0,0.0,"['odor_n', 'bruises_t']"
