node,split,p1,p0,feature_path
root,odor_f,0.4819450143619204,0.5180549856380796,None
1,None,1.0,0.0,['odor_f']
0,gill-size_b,0.2966573816155989,0.7033426183844012,['odor_f']
1-1,None,1.0,0.0,"['odor_f', 'cap-color_b']"
1-0,None,1.0,0.0,"['odor_f', 'cap-color_b']"
0-1,None,0.030603804797353185,0.9693961952026469,"['odor_f', 'gill-size_b']"
0-0,None,0.8455631399317406,0.15443686006825938,"['odor_f', 'gill-size_b']"
