node,split,p1,p0,feature_path
root,odor_n,0.4807139926138695,0.5192860073861305,None
1,habitat_m,0.03879310344827586,0.9612068965517241,['odor_n']
0,stalk-root_c,0.8119167264895908,0.18808327351040918,['odor_n']
1-1,None,1.0,0.0,"['odor_n', 'habitat_m']"
1-0,None,0.02714493456131847,0.9728550654386815,"['odor_n', 'habitat_m']"
0-1,None,0.043731778425655975,0.956268221574344,"['odor_n', 'stalk-root_c']"
0-0,None,0.9197707736389685,0.08022922636103152,"['odor_n', 'stalk-root_c']"
