node,split,p1,p0,feature_path
root,odor_f,0.4899466557242511,0.5100533442757489,None
1,None,1.0,0.0,['odor_f']
0,gill-size_n,0.30616801562936086,0.6938319843706391,['odor_f']
1-1,None,0.0,0.0,"['odor_f', 'odor_l']"
1-0,None,1.0,0.0,"['odor_f', 'odor_l']"
0-1,None,0.856312292358804,0.143687707641196,"['odor_f', 'gill-size_n']"
0-0,None,0.027742749054224466,0.9722572509457755,"['odor_f', 'gill-size_n']"
