node,split,p1,p0,feature_path
root,odor_n,0.5008206811653673,0.49917931883463273,None
1,cap-color_y,0.03566047212456052,0.9643395278754395,['odor_n']
0,bruises_f,0.8220603537981269,0.17793964620187305,['odor_n']
1-1,None,1.0,0.0,"['odor_n', 'cap-color_y']"
1-0,None,0.02636916835699797,0.973630831643002,"['odor_n', 'cap-color_y']"
0-1,None,1.0,0.0,"['odor_n', 'bruises_f']"
0-0,None,0.42424242424242425,0.5757575757575758,"['odor_n', 'bruises_f']"
