node,split,p1,p0,feature_path
root,odor_f,0.4675830939679934,0.5324169060320065,None
1,None,1.0,0.0,['odor_f']
0,odor_n,0.28354500276090555,0.7164549972390944,['odor_f']
1-1,None,0.0,0.0,"['odor_f', 'odor_p']"
1-0,None,1.0,0.0,"['odor_f', 'odor_p']"
0-1,None,0.03228740336516599,0.967712596634834,"['odor_f', 'odor_n']"
0-0,None,0.6718200983836964,0.32817990161630356,"['odor_f', 'odor_n']"
