node,split,p1,p0,feature_path
root,odor_n,0.4698399671727534,0.5301600328272467,None
1,stalk-color-below-ring_y,0.04149377593360996,0.9585062240663901,['odor_n']
0,bruises_f,0.8133086876155268,0.1866913123844732,['odor_n']
1-1,None,1.0,0.0,"['odor_n', 'stalk-color-below-ring_y']"
1-0,None,0.03302325581395349,0.9669767441860465,"['odor_n', 'stalk-color-below-ring_y']"
0-1,None,1.0,0.0,"['odor_n', 'bruises_f']"
0-0,None,0.4168591224018476,0.5831408775981525,"['odor_n', 'bruises_f']"
