node,split,p1,p0,feature_path
root,odor_f,0.4862535904800985,0.5137464095199015,None
1,None,1.0,0.0,['odor_f']
0,gill-size_n,0.29722144260454675,0.7027785573954533,['odor_f']
1-1,None,1.0,0.0,"['odor_f', 'gill-color_g']"
1-0,None,1.0,0.0,"['odor_f', 'gill-color_g']"
0-1,None,0.8581375108790252,0.14186248912097477,"['odor_f', 'gill-size_n']"
0-0,None,0.03024026512013256,0.9697597348798674,"['odor_f', 'gill-size_n']"
