node,split,p1,p0,feature_path
root,odor_n,0.4798933114485023,0.5201066885514978,None
1,habitat_m,0.034101825168107586,0.9658981748318924,['odor_n']
0,stalk-root_c,0.8123209169054442,0.1876790830945559,['odor_n']
1-1,None,1.0,0.0,"['odor_n', 'habitat_m']"
1-0,None,0.025206010664081433,0.9747939893359185,"['odor_n', 'habitat_m']"
0-1,None,0.07909604519774012,0.9209039548022598,"['odor_n', 'stalk-root_c']"
0-0,None,0.918785890073831,0.081214109926169,"['odor_n', 'stalk-root_c']"
