node,split,p1,p0,feature_path
root,odor_n,0.47825194911776775,0.5217480508822323,None
1,habitat_m,0.04047058823529412,0.9595294117647059,['odor_n']
0,stalk-root_c,0.8166606038559476,0.18333939614405237,['odor_n']
1-1,None,1.0,0.0,"['odor_n', 'habitat_m']"
1-0,None,0.025800286669851888,0.9741997133301481,"['odor_n', 'habitat_m']"
0-1,None,0.040229885057471264,0.9597701149425287,"['odor_n', 'stalk-root_c']"
0-0,None,0.9291961682632237,0.07080383173677635,"['odor_n', 'stalk-root_c']"
