node,split,p1,p0,feature_path
root,bruises_t,0.49938448912597455,0.5006155108740254,None
1,habitat_u,0.21586538461538463,0.7841346153846154,['bruises_t']
0,odor_n,0.7104509663564782,0.28954903364352186,['bruises_t']
1-1,None,1.0,0.0,"['bruises_t', 'habitat_u']"
1-0,None,0.13382899628252787,0.8661710037174721,"['bruises_t', 'habitat_u']"
0-1,None,0.02997601918465228,0.9700239808153477,"['bruises_t', 'odor_n']"
0-0,None,1.0,0.0,"['bruises_t', 'odor_n']"
