node,split,p1,p0,feature_path
root,odor_n,0.48132950348789494,0.5186704965121051,None
1,stalk-surface-below-ring_y,0.04951411383618695,0.950485886163813,['odor_n']
0,odor_a,0.8252856616291928,0.17471433837080722,['odor_n']
1-1,None,0.6909090909090909,0.3090909090909091,"['odor_n', 'stalk-surface-below-ring_y']"
1-0,None,0.03276353276353276,0.9672364672364673,"['odor_n', 'stalk-surface-below-ring_y']"
0-1,None,0.0,1.0,"['odor_n', 'odor_a']"
0-0,None,0.9068448764682058,0.09315512353179425,"['odor_n', 'odor_a']"
