node,split,p1,p0,feature_path
root,odor_n,0.47825194911776775,0.5217480508822323,None
1,habitat_m,0.03312825366777094,0.966871746332229,['odor_n']
0,bruises_t,0.8189061934081855,0.18109380659181457,['odor_n']
1-1,None,1.0,0.0,"['odor_n', 'habitat_m']"
1-0,None,0.024355300859598854,0.9756446991404012,"['odor_n', 'habitat_m']"
0-1,None,0.4019138755980861,0.5980861244019139,"['odor_n', 'bruises_t']"
0-0,None,1.0,0.0,"['odor_n', 'bruises_t']"
