node,split,p1,p0,feature_path
root,odor_n,0.4833812064013131,0.5166187935986869,None
1,spore-print-color_r,0.03787152444870566,0.9621284755512943,['odor_n']
0,stalk-root_c,0.8167144906743186,0.1832855093256815,['odor_n']
1-1,None,1.0,0.0,"['odor_n', 'spore-print-color_r']"
1-0,None,0.012303149606299213,0.9876968503937008,"['odor_n', 'spore-print-color_r']"
0-1,None,0.058666666666666666,0.9413333333333334,"['odor_n', 'stalk-root_c']"
0-0,None,0.934521342726896,0.06547865727310402,"['odor_n', 'stalk-root_c']"
