node,split,p1,p0,feature_path
root,ring-type_p,0.4733278621255642,0.5266721378744358,None
1,odor_f,0.20419287211740042,0.7958071278825996,['ring-type_p']
0,odor_n,0.7312173563680193,0.26878264363198073,['ring-type_p']
1-1,None,1.0,0.0,"['ring-type_p', 'odor_f']"
1-0,None,0.13961922030825022,0.8603807796917498,"['ring-type_p', 'odor_f']"
0-1,None,0.03741007194244604,0.962589928057554,"['ring-type_p', 'odor_n']"
0-0,None,1.0,0.0,"['ring-type_p', 'odor_n']"
