node,split,p1,p0,feature_path
root,odor_n,0.4753795650389824,0.5246204349610176,None
1,gill-color_r,0.03951081843838194,0.9604891815616181,['odor_n']
0,bruises_f,0.8125909752547307,0.1874090247452693,['odor_n']
1-1,None,1.0,0.0,"['odor_n', 'gill-color_r']"
1-0,None,0.03268593083846518,0.9673140691615348,"['odor_n', 'gill-color_r']"
0-1,None,1.0,0.0,"['odor_n', 'bruises_f']"
0-0,None,0.3795180722891566,0.6204819277108434,"['odor_n', 'bruises_f']"
