node,split,p1,p0,feature_path
root,odor_f,0.47825194911776775,0.5217480508822323,None
1,None,1.0,0.0,['odor_f']
0,gill-size_n,0.2943951165371809,0.7056048834628191,['odor_f']
1-1,None,0.0,0.0,"['odor_f', 'gill-color_r']"
1-0,None,1.0,0.0,"['odor_f', 'gill-color_r']"
0-1,None,0.8507718696397941,0.14922813036020582,"['odor_f', 'gill-size_n']"
0-0,None,0.02830188679245283,0.9716981132075472,"['odor_f', 'gill-size_n']"
