node,split,p1,p0,feature_path
root,odor_n,0.48871563397620027,0.5112843660237998,None
1,stalk-surface-below-ring_y,0.04089396100808369,0.9591060389919163,['odor_n']
0,stalk-root_c,0.828581739444244,0.17141826055575604,['odor_n']
1-1,None,0.7692307692307693,0.23076923076923078,"['odor_n', 'stalk-surface-below-ring_y']"
1-0,None,0.027131782945736434,0.9728682170542635,"['odor_n', 'stalk-surface-below-ring_y']"
0-1,None,0.08746355685131195,0.9125364431486881,"['odor_n', 'stalk-root_c']"
0-0,None,0.9332784184514004,0.06672158154859967,"['odor_n', 'stalk-root_c']"
