node,split,p1,p0,feature_path
root,odor_n,0.4755847353303242,0.5244152646696758,None
1,spore-print-color_r,0.03412809724170173,0.9658719027582983,['odor_n']
0,stalk-root_c,0.8208409506398537,0.17915904936014626,['odor_n']
1-1,None,1.0,0.0,"['odor_n', 'spore-print-color_r']"
1-0,None,0.013842482100238664,0.9861575178997614,"['odor_n', 'spore-print-color_r']"
0-1,None,0.06707317073170732,0.9329268292682927,"['odor_n', 'stalk-root_c']"
0-0,None,0.9235562941420856,0.07644370585791442,"['odor_n', 'stalk-root_c']"
