node,split,p1,p0,feature_path
root,odor_n,0.4786622897004514,0.5213377102995487,None
1,habitat_m,0.03928064363464269,0.9607193563653573,['odor_n']
0,bruises_t,0.8149221296631656,0.18507787033683448,['odor_n']
1-1,None,1.0,0.0,"['odor_n', 'habitat_m']"
1-0,None,0.024975984630163303,0.9750240153698367,"['odor_n', 'habitat_m']"
0-1,None,0.39740566037735847,0.6025943396226415,"['odor_n', 'bruises_t']"
0-0,None,1.0,0.0,"['odor_n', 'bruises_t']"
