node,split,p1,p0,feature_path
root,odor_n,0.4745588838736151,0.5254411161263849,None
1,cap-color_y,0.036211699164345405,0.9637883008356546,['odor_n']
0,odor_l,0.8216911764705882,0.17830882352941177,['odor_n']
1-1,None,1.0,0.0,"['odor_n', 'cap-color_y']"
1-0,None,0.03081232492997199,0.969187675070028,"['odor_n', 'cap-color_y']"
0-1,None,0.0,1.0,"['odor_n', 'odor_l']"
0-0,None,0.8975903614457831,0.10240963855421686,"['odor_n', 'odor_l']"
