node,split,p1,p0,feature_path
root,gill-size_n,0.4762002462043496,0.5237997537956504,None
1,odor_n,0.8773770491803279,0.12262295081967213,['gill-size_n']
0,ring-type_l,0.2935204538668259,0.7064795461331741,['gill-size_n']
1-1,None,0.2222222222222222,0.7777777777777778,"['gill-size_n', 'odor_n']"
1-0,None,0.9552457813646368,0.04475421863536317,"['gill-size_n', 'odor_n']"
0-1,None,1.0,0.0,"['gill-size_n', 'ring-type_l']"
0-0,None,0.09969558599695585,0.9003044140030442,"['gill-size_n', 'ring-type_l']"
