node,split,p1,p0,feature_path
root,odor_n,0.4889208042675421,0.511079195732458,None
1,cap-color_y,0.03862660944206009,0.9613733905579399,['odor_n']
0,stalk-root_c,0.8289521065898452,0.17104789341015483,['odor_n']
1-1,None,1.0,0.0,"['odor_n', 'cap-color_y']"
1-0,None,0.03170028818443804,0.968299711815562,"['odor_n', 'cap-color_y']"
0-1,None,0.05952380952380952,0.9404761904761905,"['odor_n', 'stalk-root_c']"
0-0,None,0.9348627611634576,0.0651372388365424,"['odor_n', 'stalk-root_c']"
