node,split,p1,p0,feature_path
root,odor_n,0.49753795650389826,0.5024620434961018,None
1,gill-color_r,0.04029126213592233,0.9597087378640776,['odor_n']
0,odor_l,0.8322672352523098,0.1677327647476901,['odor_n']
1-1,None,1.0,0.0,"['odor_n', 'gill-color_r']"
1-0,None,0.0285012285012285,0.9714987714987715,"['odor_n', 'gill-color_r']"
0-1,None,0.0,1.0,"['odor_n', 'odor_l']"
0-0,None,0.910929599377674,0.08907040062232595,"['odor_n', 'odor_l']"
