node,split,p1,p0,feature_path
root,odor_f,0.47825194911776775,0.5217480508822323,None
1,None,1.0,0.0,['odor_f']
0,gill-size_n,0.3030967388325569,0.6969032611674432,['odor_f']
1-1,None,0.0,0.0,"['odor_f', 'stalk-root_r']"
1-0,None,1.0,0.0,"['odor_f', 'stalk-root_r']"
0-1,None,0.8668885191347754,0.13311148086522462,"['odor_f', 'gill-size_n']"
0-0,None,0.026154474867184307,0.9738455251328157,"['odor_f', 'gill-size_n']"
