node,split,p1,p0,feature_path
root,odor_n,0.4733278621255642,0.5266721378744358,None
1,habitat_m,0.038425925925925926,0.961574074074074,['odor_n']
0,stalk-root_c,0.819454679439941,0.18054532056005895,['odor_n']
1-1,None,1.0,0.0,"['odor_n', 'habitat_m']"
1-0,None,0.028985507246376812,0.9710144927536232,"['odor_n', 'habitat_m']"
0-1,None,0.058823529411764705,0.9411764705882353,"['odor_n', 'stalk-root_c']"
0-0,None,0.9222082810539524,0.07779171894604768,"['odor_n', 'stalk-root_c']"
