node,split,p1,p0,feature_path
root,odor_f,0.47250718096019695,0.527492819039803,None
1,None,1.0,0.0,['odor_f']
0,gill-size_n,0.2788218793828892,0.7211781206171108,['odor_f']
1-1,None,0.0,0.0,"['odor_f', 'gill-color_o']"
1-0,None,1.0,0.0,"['odor_f', 'gill-color_o']"
0-1,None,0.8360655737704918,0.16393442622950818,"['odor_f', 'gill-size_n']"
0-0,None,0.030806647750304013,0.9691933522496959,"['odor_f', 'gill-size_n']"
