node,split,p1,p0,feature_path
root,odor_n,0.47702092736971685,0.5229790726302831,None
1,gill-color_r,0.04553817847286108,0.9544618215271389,['odor_n']
0,stalk-root_c,0.8244444444444444,0.17555555555555555,['odor_n']
1-1,None,1.0,0.0,"['odor_n', 'gill-color_r']"
1-0,None,0.03801576263328697,0.961984237366713,"['odor_n', 'gill-color_r']"
0-1,None,0.07213114754098361,0.9278688524590164,"['odor_n', 'stalk-root_c']"
0-0,None,0.920250521920668,0.07974947807933194,"['odor_n', 'stalk-root_c']"
