node,split,p1,p0,feature_path
root,odor_n,0.48830529339351664,0.5116947066064834,None
1,spore-print-color_r,0.0482392667631452,0.9517607332368548,['odor_n']
0,stalk-root_c,0.8139950017850768,0.18600499821492325,['odor_n']
1-1,None,1.0,0.0,"['odor_n', 'spore-print-color_r']"
1-0,None,0.013993003498250875,0.9860069965017492,"['odor_n', 'spore-print-color_r']"
0-1,None,0.06756756756756757,0.9324324324324325,"['odor_n', 'stalk-root_c']"
0-0,None,0.9276018099547512,0.07239819004524888,"['odor_n', 'stalk-root_c']"
