node,split,p1,p0,feature_path
root,gill-size_n,0.47702092736971685,0.5229790726302831,None
1,odor_n,0.8911845730027548,0.10881542699724518,['gill-size_n']
0,odor_f,0.30128579777907655,0.6987142022209234,['gill-size_n']
1-1,None,0.19083969465648856,0.8091603053435115,"['gill-size_n', 'odor_n']"
1-0,None,0.9606358819076457,0.03936411809235428,"['gill-size_n', 'odor_n']"
0-1,None,1.0,0.0,"['gill-size_n', 'odor_f']"
0-0,None,0.029626623376623376,0.9703733766233766,"['gill-size_n', 'odor_f']"
