node,split,p1,p0,feature_path
root,odor_f,0.4866639310627821,0.5133360689372178,None
1,None,1.0,0.0,['odor_f']
0,gill-size_b,0.29441624365482233,0.7055837563451777,['odor_f']
1-1,None,1.0,0.0,"['odor_f', 'cap-color_e']"
1-0,None,1.0,0.0,"['odor_f', 'cap-color_e']"
0-1,None,0.02678945165341147,0.9732105483465885,"['odor_f', 'gill-size_b']"
0-0,None,0.8470181503889369,0.1529818496110631,"['odor_f', 'gill-size_b']"
