node,split,p1,p0,feature_path
root,odor_n,0.4731226918342224,0.5268773081657776,None
1,gill-color_r,0.03923400280242877,0.9607659971975713,['odor_n']
0,bruises_f,0.8130259787778997,0.18697402122210025,['odor_n']
1-1,None,1.0,0.0,"['odor_n', 'gill-color_r']"
1-0,None,0.030174446016030174,0.9698255539839699,"['odor_n', 'gill-color_r']"
0-1,None,1.0,0.0,"['odor_n', 'bruises_f']"
0-0,None,0.38802395209580837,0.6119760479041916,"['odor_n', 'bruises_f']"
