node,split,p1,p0,feature_path
root,odor_n,0.47722609766105867,0.5227739023389413,None
1,habitat_m,0.039242843951985226,0.9607571560480148,['odor_n']
0,stalk-root_c,0.8275480059084195,0.1724519940915805,['odor_n']
1-1,None,1.0,0.0,"['odor_n', 'habitat_m']"
1-0,None,0.027115474520804116,0.9728845254791959,"['odor_n', 'habitat_m']"
0-1,None,0.04953560371517028,0.9504643962848297,"['odor_n', 'stalk-root_c']"
0-0,None,0.9329140461215933,0.06708595387840671,"['odor_n', 'stalk-root_c']"
