node,split,p1,p0,feature_path
root,odor_f,0.48379154698399673,0.5162084530160033,None
1,None,1.0,0.0,['odor_f']
0,odor_n,0.2916666666666667,0.7083333333333334,['odor_f']
1-1,None,1.0,0.0,"['odor_f', 'ring-type_e']"
1-0,None,1.0,0.0,"['odor_f', 'ring-type_e']"
0-1,None,0.0340201245807379,0.9659798754192621,"['odor_f', 'odor_n']"
0-0,None,0.658703071672355,0.3412969283276451,"['odor_f', 'odor_n']"
