node,split,p1,p0,feature_path
root,odor_n,0.479072630283135,0.520927369716865,None
1,cap-shape_b,0.038153556288271315,0.9618464437117287,['odor_n']
0,odor_a,0.8193384223918575,0.1806615776081425,['odor_n']
1-1,None,0.35789473684210527,0.6421052631578947,"['odor_n', 'cap-shape_b']"
1-0,None,0.023175542406311637,0.9768244575936884,"['odor_n', 'cap-shape_b']"
0-1,None,0.0,1.0,"['odor_n', 'odor_a']"
0-0,None,0.9030448717948718,0.09695512820512821,"['odor_n', 'odor_a']"
