node,split,p1,p0,feature_path
root,odor_f,0.4805088223225277,0.5194911776774723,None
1,None,1.0,0.0,['odor_f']
0,gill-size_b,0.2988091941290501,0.7011908058709498,['odor_f']
1-1,None,0.0,0.0,"['odor_f', 'habitat_m']"
1-0,None,1.0,0.0,"['odor_f', 'habitat_m']"
0-1,None,0.030167142274765593,0.9698328577252344,"['odor_f', 'gill-size_b']"
0-0,None,0.8678756476683938,0.13212435233160622,"['odor_f', 'gill-size_b']"
