node,split,p1,p0,feature_path
root,odor_n,0.475789905621666,0.524210094378334,None
1,gill-size_n,0.038028169014084505,0.9619718309859155,['odor_n']
0,stalk-root_c,0.815597667638484,0.18440233236151604,['odor_n']
1-1,None,0.25609756097560976,0.7439024390243902,"['odor_n', 'gill-size_n']"
1-0,None,0.019837232960325534,0.9801627670396744,"['odor_n', 'gill-size_n']"
0-1,None,0.042042042042042045,0.9579579579579579,"['odor_n', 'stalk-root_c']"
0-0,None,0.922438822065533,0.07756117793446703,"['odor_n', 'stalk-root_c']"
