node,split,p1,p0,feature_path
root,odor_n,0.487894952810833,0.512105047189167,None
1,gill-color_r,0.03890489913544669,0.9610951008645533,['odor_n']
0,odor_a,0.8227077363896849,0.1772922636103152,['odor_n']
1-1,None,1.0,0.0,"['odor_n', 'gill-color_r']"
1-0,None,0.030523255813953487,0.9694767441860465,"['odor_n', 'gill-color_r']"
0-1,None,0.0,1.0,"['odor_n', 'odor_a']"
0-0,None,0.908623417721519,0.09137658227848101,"['odor_n', 'odor_a']"
