node,split,p1,p0,feature_path
root,odor_n,0.487894952810833,0.512105047189167,None
1,spore-print-color_r,0.04067796610169491,0.9593220338983051,['odor_n']
0,stalk-root_c,0.8166607333570666,0.18333926664293343,['odor_n']
1-1,None,1.0,0.0,"['odor_n', 'spore-print-color_r']"
1-0,None,0.015407554671968192,0.9845924453280318,"['odor_n', 'spore-print-color_r']"
0-1,None,0.06406685236768803,0.935933147632312,"['odor_n', 'stalk-root_c']"
0-0,None,0.9269387755102041,0.07306122448979592,"['odor_n', 'stalk-root_c']"
