node,split,p1,p0,feature_path
root,odor_n,0.47702092736971685,0.5229790726302831,None
1,spore-print-color_r,0.03256252949504483,0.9674374705049552,['odor_n']
0,population_n,0.8188747731397459,0.1811252268602541,['odor_n']
1-1,None,1.0,0.0,"['odor_n', 'spore-print-color_r']"
1-0,None,0.013474494706448507,0.9865255052935515,"['odor_n', 'spore-print-color_r']"
0-1,None,0.0,1.0,"['odor_n', 'population_n']"
0-0,None,0.8826291079812206,0.11737089201877934,"['odor_n', 'population_n']"
