node,split,p1,p0,feature_path
root,odor_n,0.4809191629052113,0.5190808370947887,None
1,habitat_m,0.03254006799417193,0.967459932005828,['odor_n']
0,stalk-root_c,0.8088809946714032,0.1911190053285968,['odor_n']
1-1,None,1.0,0.0,"['odor_n', 'habitat_m']"
1-0,None,0.023529411764705882,0.9764705882352941,"['odor_n', 'habitat_m']"
0-1,None,0.050397877984084884,0.9496021220159151,"['odor_n', 'stalk-root_c']"
0-0,None,0.92616899097621,0.07383100902378999,"['odor_n', 'stalk-root_c']"
