node,split,p1,p0,feature_path
root,odor_f,0.4868691013541239,0.5131308986458761,None
1,None,1.0,0.0,['odor_f']
0,gill-size_n,0.3146067415730337,0.6853932584269663,['odor_f']
1-1,None,1.0,0.0,"['odor_f', 'gill-color_h']"
1-0,None,1.0,0.0,"['odor_f', 'gill-color_h']"
0-1,None,0.8544152744630071,0.14558472553699284,"['odor_f', 'gill-size_n']"
0-0,None,0.030936454849498328,0.9690635451505016,"['odor_f', 'gill-size_n']"
