node,split,p1,p0,feature_path
root,odor_n,0.4895363151415675,0.5104636848584325,None
1,spore-print-color_r,0.04364508393285372,0.9563549160671463,['odor_n']
0,bruises_f,0.8228755826461097,0.17712441735389028,['odor_n']
1-1,None,1.0,0.0,"['odor_n', 'spore-print-color_r']"
1-0,None,0.015308641975308642,0.9846913580246913,"['odor_n', 'spore-print-color_r']"
0-1,None,1.0,0.0,"['odor_n', 'bruises_f']"
0-0,None,0.4195064629847238,0.5804935370152762,"['odor_n', 'bruises_f']"
