node,split,p1,p0,feature_path
root,odor_f,0.4743537135822733,0.5256462864177267,None
1,None,1.0,0.0,['odor_f']
0,gill-size_b,0.28654970760233917,0.7134502923976608,['odor_f']
1-1,None,0.0,0.0,"['odor_f', 'cap-color_u']"
1-0,None,1.0,0.0,"['odor_f', 'cap-color_u']"
0-1,None,0.02789171452009844,0.9721082854799016,"['odor_f', 'gill-size_b']"
0-0,None,0.8334778837814397,0.16652211621856028,"['odor_f', 'gill-size_b']"
