node,split,p1,p0,feature_path
root,odor_n,0.49281903980303654,0.5071809601969635,None
1,gill-color_r,0.04495456719273075,0.9550454328072693,['odor_n']
0,odor_a,0.8293208767517067,0.1706791232482932,['odor_n']
1-1,None,1.0,0.0,"['odor_n', 'gill-color_r']"
1-0,None,0.03339787028073572,0.9666021297192643,"['odor_n', 'gill-color_r']"
0-1,None,0.0,1.0,"['odor_n', 'odor_a']"
0-0,None,0.9158730158730158,0.08412698412698413,"['odor_n', 'odor_a']"
