node,split,p1,p0,feature_path
root,odor_n,0.48132950348789494,0.5186704965121051,None
1,spore-print-color_r,0.038315988647114475,0.9616840113528855,['odor_n']
0,bruises_f,0.8206521739130435,0.1793478260869565,['odor_n']
1-1,None,1.0,0.0,"['odor_n', 'spore-print-color_r']"
1-0,None,0.012627489072365225,0.9873725109276348,"['odor_n', 'spore-print-color_r']"
0-1,None,1.0,0.0,"['odor_n', 'bruises_f']"
0-0,None,0.4100119189511323,0.5899880810488677,"['odor_n', 'bruises_f']"
