node,split,p1,p0,feature_path
root,odor_n,0.4716864997948297,0.5283135002051703,None
1,cap-color_y,0.03899721448467967,0.9610027855153204,['odor_n']
0,bruises_t,0.8143382352941176,0.18566176470588236,['odor_n']
1-1,None,1.0,0.0,"['odor_n', 'cap-color_y']"
1-0,None,0.03361344537815126,0.9663865546218487,"['odor_n', 'cap-color_y']"
0-1,None,0.3863912515188335,0.6136087484811664,"['odor_n', 'bruises_t']"
0-0,None,1.0,0.0,"['odor_n', 'bruises_t']"
