node,split,p1,p0,feature_path
root,odor_f,0.47394337299958966,0.5260566270004103,None
1,None,1.0,0.0,['odor_f']
0,gill-size_b,0.2851965430722052,0.7148034569277948,['odor_f']
1-1,None,1.0,0.0,"['odor_f', 'habitat_p']"
1-0,None,1.0,0.0,"['odor_f', 'habitat_p']"
0-1,None,0.02943548387096774,0.9705645161290323,"['odor_f', 'gill-size_b']"
0-0,None,0.8581752484191508,0.14182475158084915,"['odor_f', 'gill-size_b']"
