node,split,p1,p0,feature_path
root,odor_f,0.47476405416495693,0.5252359458350431,None
1,None,1.0,0.0,['odor_f']
0,odor_n,0.2910551093879812,0.7089448906120188,['odor_f']
1-1,None,1.0,0.0,"['odor_f', 'stalk-root_?']"
1-0,None,1.0,0.0,"['odor_f', 'stalk-root_?']"
0-1,None,0.04011194029850746,0.9598880597014925,"['odor_f', 'odor_n']"
0-0,None,0.6578050443081118,0.3421949556918882,"['odor_f', 'odor_n']"
