node,split,p1,p0,feature_path
root,odor_f,0.47948297086581865,0.5205170291341814,None
1,None,1.0,0.0,['odor_f']
0,gill-size_n,0.28955474656958835,0.7104452534304116,['odor_f']
1-1,None,0.0,0.0,"['odor_f', 'odor_y']"
1-0,None,1.0,0.0,"['odor_f', 'odor_y']"
0-1,None,0.8488063660477454,0.15119363395225463,"['odor_f', 'gill-size_n']"
0-0,None,0.030327868852459017,0.969672131147541,"['odor_f', 'gill-size_n']"
