node,split,p1,p0,feature_path
root,odor_f,0.4940500615510874,0.5059499384489126,None
1,None,1.0,0.0,['odor_f']
0,gill-size_b,0.31519022493751736,0.6848097750624826,['odor_f']
1-1,None,0.0,0.0,"['odor_f', 'odor_s']"
1-0,None,1.0,0.0,"['odor_f', 'odor_s']"
0-1,None,0.031131678586453514,0.9688683214135465,"['odor_f', 'gill-size_b']"
0-0,None,0.8668300653594772,0.13316993464052287,"['odor_f', 'gill-size_b']"
