node,split,p1,p0,feature_path
root,odor_n,0.487894952810833,0.512105047189167,None
1,gill-color_r,0.04070042593469001,0.95929957406531,['odor_n']
0,odor_a,0.830134009416878,0.16986599058312205,['odor_n']
1-1,None,1.0,0.0,"['odor_n', 'gill-color_r']"
1-0,None,0.03338102050548403,0.966618979494516,"['odor_n', 'gill-color_r']"
0-1,None,0.0,1.0,"['odor_n', 'odor_a']"
0-0,None,0.9146049481245012,0.0853950518754988,"['odor_n', 'odor_a']"
