node,split,p1,p0,feature_path
root,odor_n,0.48153467377923675,0.5184653262207632,None
1,None,0.04009433962264151,0.9599056603773585,['odor_n']
0,None,0.8213507625272332,0.1786492374727669,['odor_n']
