node,split,p1,p0,feature_path
root,odor_f,0.46614690192860075,0.5338530980713992,None
1,None,1.0,0.0,['odor_f']
0,habitat_m,0.2816123688569851,0.718387631143015,['odor_f']
1-1,None,1.0,0.0,"['odor_f', 'ring-type_p']"
1-0,None,1.0,0.0,"['odor_f', 'ring-type_p']"
0-1,None,0.1488095238095238,0.8511904761904762,"['odor_f', 'habitat_m']"
0-0,None,0.2880718008106543,0.7119281991893457,"['odor_f', 'habitat_m']"
