node,split,p1,p0,feature_path
root,ring-type_p,0.4809191629052113,0.5190808370947887,None
1,odor_p,0.21061291649526945,0.7893870835047305,['ring-type_p']
0,odor_n,0.7498976668031109,0.25010233319688907,['ring-type_p']
1-1,None,1.0,0.0,"['ring-type_p', 'odor_p']"
1-0,None,0.14937943262411346,0.8506205673758865,"['ring-type_p', 'odor_p']"
0-1,None,0.04381846635367762,0.9561815336463224,"['ring-type_p', 'odor_n']"
0-0,None,1.0,0.0,"['ring-type_p', 'odor_n']"
