node,split,p1,p0,feature_path
root,odor_f,0.484612228149364,0.515387771850636,None
1,None,1.0,0.0,['odor_f']
0,habitat_m,0.30454042081949056,0.6954595791805094,['odor_f']
1-1,None,1.0,0.0,"['odor_f', 'stalk-root_b']"
1-0,None,1.0,0.0,"['odor_f', 'stalk-root_b']"
0-1,None,0.13978494623655913,0.8602150537634409,"['odor_f', 'habitat_m']"
0-0,None,0.3134851138353765,0.6865148861646234,"['odor_f', 'habitat_m']"
