node,split,p1,p0,feature_path
root,odor_n,0.48399671727533855,0.5160032827246614,None
1,gill-color_o,0.03801732435033686,0.9619826756496631,['odor_n']
0,stalk-shape_e,0.8154506437768241,0.18454935622317598,['odor_n']
1-1,None,0.0,1.0,"['odor_n', 'gill-color_o']"
1-0,None,0.03857421875,0.96142578125,"['odor_n', 'gill-color_o']"
0-1,None,0.6984435797665369,0.301556420233463,"['odor_n', 'stalk-shape_e']"
0-0,None,0.9593301435406698,0.04066985645933014,"['odor_n', 'stalk-shape_e']"
