node,split,p1,p0,feature_path
root,habitat_p,0.4844070578580222,0.5155929421419778,None
1,cap-shape_k,0.8952380952380953,0.10476190476190476,['habitat_p']
0,odor_f,0.423421300659755,0.5765786993402451,['habitat_p']
1-1,None,0.9902912621359223,0.009708737864077669,"['habitat_p', 'cap-shape_k']"
1-0,None,0.8766603415559773,0.12333965844402277,"['habitat_p', 'cap-shape_k']"
0-1,None,1.0,0.0,"['habitat_p', 'odor_f']"
0-0,None,0.2638387484957882,0.7361612515042117,"['habitat_p', 'odor_f']"
