node,split,p1,p0,feature_path
root,odor_n,0.4714813295034879,0.5285186704965121,None
1,gill-color_r,0.03333333333333333,0.9666666666666667,['odor_n']
0,bruises_f,0.8115889212827988,0.18841107871720117,['odor_n']
1-1,None,1.0,0.0,"['odor_n', 'gill-color_r']"
1-0,None,0.02555608140085187,0.9744439185991481,"['odor_n', 'gill-color_r']"
0-1,None,1.0,0.0,"['odor_n', 'bruises_f']"
0-0,None,0.39602803738317754,0.6039719626168224,"['odor_n', 'bruises_f']"
