node,split,p1,p0,feature_path
root,ring-number_o,0.4788674599917932,0.5211325400082069,None
1,cap-shape_k,0.5041285427359964,0.49587145726400356,['ring-number_o']
0,veil-color_w,0.19083969465648856,0.8091603053435115,['ring-number_o']
1-1,None,0.9441489361702128,0.05585106382978723,"['ring-number_o', 'cap-shape_k']"
1-0,None,0.4638246041412911,0.5361753958587089,"['ring-number_o', 'cap-shape_k']"
0-1,None,0.19083969465648856,0.8091603053435115,"['ring-number_o', 'veil-color_w']"
0-0,None,0.0,0.0,"['ring-number_o', 'veil-color_w']"
